导航点位不存在,id:850,title:大润发,floor:-1
导航点位不存在,id:851,title:周金生,floor:-1
导航点位不存在,id:852,title:樊文花,floor:-1
导航点位不存在,id:853,title:香锅传奇,floor:-1
导航点位不存在,id:854,title:段子有茶,floor:-1
导航点位不存在,id:855,title:锡纸花甲,floor:-1
导航点位不存在,id:856,title:贝诺蒂,floor:-1
导航点位存在,,,
导航点位不存在,id:858,title:小淮娘,floor:-1
导航点位不存在,id:859,title:吾粥吾饭,floor:-1
导航点位不存在,id:860,title:老城街,floor:-1
导航点位不存在,id:861,title:金牛座,floor:-1
导航点位不存在,id:862,title:童老大,floor:-1
导航点位不存在,id:862,title:童老大,floor:-1
导航点位存在,,,
导航点位存在,,,
导航点位存在,,,
导航点位存在,,,
导航点位存在,,,
导航点位存在,,,
导航点位存在,,,
导航点位存在,,,
导航点位存在,,,
导航点位存在,,,
导航点位存在,,,
导航点位存在,,,
导航点位存在,,,
导航点位存在,,,
导航点位存在,,,
导航点位存在,,,
导航点位存在,,,
导航点位存在,,,
导航点位存在,,,
导航点位存在,,,
导航点位存在,,,
导航点位存在,,,
导航点位存在,,,
导航点位存在,,,
导航点位存在,,,
导航点位存在,,,
导航点位存在,,,
导航点位存在,,,
导航点位存在,,,
导航点位存在,,,
导航点位存在,,,
导航点位存在,,,
导航点位存在,,,
导航点位存在,,,
导航点位存在,,,
导航点位存在,,,
导航点位存在,,,
导航点位存在,,,
导航点位存在,,,
导航点位存在,,,
导航点位存在,,,
导航点位存在,,,
导航点位存在,,,
导航点位存在,,,
导航点位存在,,,
导航点位存在,,,
导航点位存在,,,
导航点位存在,,,
导航点位存在,,,
导航点位存在,,,
导航点位存在,,,
导航点位存在,,,
导航点位存在,,,
导航点位存在,,,
导航点位存在,,,
导航点位存在,,,
导航点位存在,,,
导航点位存在,,,
导航点位存在,,,
导航点位存在,,,
导航点位存在,,,
导航点位存在,,,
导航点位存在,,,
导航点位存在,,,
导航点位存在,,,
导航点位存在,,,
导航点位存在,,,
导航点位存在,,,
导航点位存在,,,
导航点位存在,,,
导航点位存在,,,
导航点位存在,,,
导航点位存在,,,
导航点位存在,,,
导航点位存在,,,
导航点位存在,,,
导航点位存在,,,
导航点位存在,,,
导航点位存在,,,
导航点位存在,,,
导航点位存在,,,
导航点位存在,,,
导航点位存在,,,
导航点位存在,,,
导航点位存在,,,
导航点位存在,,,
导航点位存在,,,
导航点位存在,,,
导航点位存在,,,
导航点位存在,,,
导航点位存在,,,
导航点位存在,,,
导航点位存在,,,
导航点位存在,,,
导航点位存在,,,
导航点位存在,,,
导航点位存在,,,
导航点位存在,,,
导航点位存在,,,
导航点位存在,,,
导航点位存在,,,
导航点位存在,,,
导航点位存在,,,
导航点位存在,,,
导航点位存在,,,
导航点位不存在,id:917,title:camtoo,floor:3
导航点位存在,,,
导航点位存在,,,
导航点位存在,,,
导航点位存在,,,
导航点位不存在,id:926,title:奇迹健身,floor:5
导航点位存在,,,
导航点位存在,,,
导航点位存在,,,
导航点位存在,,,
导航点位不存在,id:916,title:栗子来了,floor:4
导航点位存在,,,
导航点位存在,,,
导航点位存在,,,
导航点位存在,,,
导航点位存在,,,
导航点位存在,,,
导航点位存在,,,
导航点位存在,,,
导航点位存在,,,
导航点位存在,,,
导航点位不存在,id:926,title:奇迹健身,floor:5
导航点位不存在,id:926,title:奇迹健身,floor:5
导航点位存在,,,
导航点位存在,,,
导航点位存在,,,
导航点位存在,,,
导航点位存在,,,
导航点位存在,,,
导航点位存在,,,
导航点位存在,,,
导航点位存在,,,
导航点位存在,,,
导航点位不存在,id:961,title:马术俱乐部,floor:6
